"0","path_norm <- ""D:/Dropbox/School/more adjs/experiment 1b/analysis-all/norming/""
files_norm <- dir(""D:/Dropbox/School/more adjs/experiment 1b/analysis-all/norming/anonymized-results/"", 
             pattern = ""*.json"")
d.raw.norm <- data.frame()
NUM_TRIALS <- 48
for (f in files_norm) {
  jf <- paste0(path_norm, ""anonymized-results/"",f)
  jd <- fromJSON(file = jf)
  NUM_TARGETS <- NUM_TRIALS
  id <- data.frame(subid = f,
                   number_of_trials = NUM_TRIALS,
                   noun = jd$answers$data$noun,
                   condition = as.numeric(jd$answers$data$expt_condition),
                   rating = as.numeric(jd$answers$data$rating),
                   prototype_status = jd$answers$data$prototype_status,
                   workerid = jd$WorkerId,
                   language = tolower(jd$answers$data$lang),
                   gender = jd$answers$data$gender,
                   comments = jd$answers$data$expt_gen,
                   screen_size = as.numeric(jd$answers$data$screen_size))
                    
                  
  d.raw.norm <- bind_rows(d.raw.norm, id)
}
"
"2","Unequal factor levels: coercing to character"
"2","binding character and factor vector, coercing into character vector"
"2","binding character and factor vector, coercing into character vector"
"2","Unequal factor levels: coercing to character"
"2","binding character and factor vector, coercing into character vector"
"2","binding character and factor vector, coercing into character vector"
"2","Unequal factor levels: coercing to character"
"2","binding character and factor vector, coercing into character vector"
"2","binding character and factor vector, coercing into character vector"
"2","Unequal factor levels: coercing to character"
"2","binding character and factor vector, coercing into character vector"
"2","binding character and factor vector, coercing into character vector"
"2","binding character and factor vector, coercing into character vector"
"2","binding character and factor vector, coercing into character vector"
"2","binding character and factor vector, coercing into character vector"
"2","binding character and factor vector, coercing into character vector"
"2","binding character and factor vector, coercing into character vector"
"2","binding character and factor vector, coercing into character vector"
"2","binding character and factor vector, coercing into character vector"
"2","binding character and factor vector, coercing into character vector"
"2","binding character and factor vector, coercing into character vector"
"2","binding character and factor vector, coercing into character vector"
"2","Unequal factor levels: coercing to character"
"2","binding character and factor vector, coercing into character vector"
"2","binding character and factor vector, coercing into character vector"
"2","binding character and factor vector, coercing into character vector"
"2","binding character and factor vector, coercing into character vector"
"2","binding character and factor vector, coercing into character vector"
"2","binding character and factor vector, coercing into character vector"
"2","binding character and factor vector, coercing into character vector"
"2","binding character and factor vector, coercing into character vector"
"2","binding character and factor vector, coercing into character vector"
"2","binding character and factor vector, coercing into character vector"
"2","binding character and factor vector, coercing into character vector"
"2","binding character and factor vector, coercing into character vector"
"2","binding character and factor vector, coercing into character vector"
"2","binding character and factor vector, coercing into character vector"
"2","binding character and factor vector, coercing into character vector"
"2","binding character and factor vector, coercing into character vector"
"2","binding character and factor vector, coercing into character vector"
"2","binding character and factor vector, coercing into character vector"
"2","binding character and factor vector, coercing into character vector"
"2","binding character and factor vector, coercing into character vector"
"2","binding character and factor vector, coercing into character vector"
"2","binding character and factor vector, coercing into character vector"
"2","binding character and factor vector, coercing into character vector"
"2","binding character and factor vector, coercing into character vector"
"2","binding character and factor vector, coercing into character vector"
"2","binding character and factor vector, coercing into character vector"
"2","binding character and factor vector, coercing into character vector"
"2","binding character and factor vector, coercing into character vector"
"2","binding character and factor vector, coercing into character vector"
"2","binding character and factor vector, coercing into character vector"
"2","binding character and factor vector, coercing into character vector"
"2","binding character and factor vector, coercing into character vector"
"2","binding character and factor vector, coercing into character vector"
"2","binding character and factor vector, coercing into character vector"
"2","binding character and factor vector, coercing into character vector"
"2","binding character and factor vector, coercing into character vector"
"2","binding character and factor vector, coercing into character vector"
"2","binding character and factor vector, coercing into character vector"
"2","binding character and factor vector, coercing into character vector"
"2","binding character and factor vector, coercing into character vector"
"2","binding character and factor vector, coercing into character vector"
"2","binding character and factor vector, coercing into character vector"
"2","binding character and factor vector, coercing into character vector"
"2","binding character and factor vector, coercing into character vector"
"2","binding character and factor vector, coercing into character vector"
"2","binding character and factor vector, coercing into character vector"
"2","binding character and factor vector, coercing into character vector"
"2","binding character and factor vector, coercing into character vector"
"2","binding character and factor vector, coercing into character vector"
"2","binding character and factor vector, coercing into character vector"
"2","binding character and factor vector, coercing into character vector"
"2","binding character and factor vector, coercing into character vector"
"2","binding character and factor vector, coercing into character vector"
"2","binding character and factor vector, coercing into character vector"
"2","binding character and factor vector, coercing into character vector"
"2","binding character and factor vector, coercing into character vector"
"2","binding character and factor vector, coercing into character vector"
"2","binding character and factor vector, coercing into character vector"
"2","binding character and factor vector, coercing into character vector"
"2","binding character and factor vector, coercing into character vector"
"2","binding character and factor vector, coercing into character vector"
"2","binding character and factor vector, coercing into character vector"
"2","binding character and factor vector, coercing into character vector"
"2","binding character and factor vector, coercing into character vector"
"2","binding character and factor vector, coercing into character vector"
"2","binding character and factor vector, coercing into character vector"
"2","binding character and factor vector, coercing into character vector"
"2","binding character and factor vector, coercing into character vector"
"2","binding character and factor vector, coercing into character vector"
"2","binding character and factor vector, coercing into character vector"
"2","binding character and factor vector, coercing into character vector"
"2","binding character and factor vector, coercing into character vector"
"2","binding character and factor vector, coercing into character vector"
"2","binding character and factor vector, coercing into character vector"
"2","binding character and factor vector, coercing into character vector"
"2","binding character and factor vector, coercing into character vector"
"2","binding character and factor vector, coercing into character vector"
"2","binding character and factor vector, coercing into character vector"
"2","binding character and factor vector, coercing into character vector"
"2","binding character and factor vector, coercing into character vector"
"2","binding character and factor vector, coercing into character vector"
"2","binding character and factor vector, coercing into character vector"
"2","binding character and factor vector, coercing into character vector"
"2","binding character and factor vector, coercing into character vector"
"2","binding character and factor vector, coercing into character vector"
"2","binding character and factor vector, coercing into character vector"
"2","binding character and factor vector, coercing into character vector"
"2","binding character and factor vector, coercing into character vector"
"2","binding character and factor vector, coercing into character vector"
"2","binding character and factor vector, coercing into character vector"
"2","binding character and factor vector, coercing into character vector"
"2","binding character and factor vector, coercing into character vector"
"2","binding character and factor vector, coercing into character vector"
"2","binding character and factor vector, coercing into character vector"
"2","binding character and factor vector, coercing into character vector"
"2","binding character and factor vector, coercing into character vector"
"2","binding character and factor vector, coercing into character vector"
"2","binding character and factor vector, coercing into character vector"
"2","binding character and factor vector, coercing into character vector"
"2","binding character and factor vector, coercing into character vector"
"2","binding character and factor vector, coercing into character vector"
"2","binding character and factor vector, coercing into character vector"
"2","binding character and factor vector, coercing into character vector"
"2","binding character and factor vector, coercing into character vector"
"2","binding character and factor vector, coercing into character vector"
"2","binding character and factor vector, coercing into character vector"
"2","binding character and factor vector, coercing into character vector"
"2","binding character and factor vector, coercing into character vector"
"2","binding character and factor vector, coercing into character vector"
"2","binding character and factor vector, coercing into character vector"
"2","binding character and factor vector, coercing into character vector"
"2","binding character and factor vector, coercing into character vector"
"2","binding character and factor vector, coercing into character vector"
"2","binding character and factor vector, coercing into character vector"
"2","binding character and factor vector, coercing into character vector"
"2","binding character and factor vector, coercing into character vector"
"2","binding character and factor vector, coercing into character vector"
"2","binding character and factor vector, coercing into character vector"
"2","binding character and factor vector, coercing into character vector"
"2","binding character and factor vector, coercing into character vector"
"2","binding character and factor vector, coercing into character vector"
"2","binding character and factor vector, coercing into character vector"
"2","binding character and factor vector, coercing into character vector"
"2","binding character and factor vector, coercing into character vector"
"2","binding character and factor vector, coercing into character vector"
"2","binding character and factor vector, coercing into character vector"
"2","binding character and factor vector, coercing into character vector"
"2","binding character and factor vector, coercing into character vector"
"2","binding character and factor vector, coercing into character vector"
"2","binding character and factor vector, coercing into character vector"
"2","binding character and factor vector, coercing into character vector"
"2","binding character and factor vector, coercing into character vector"
"2","binding character and factor vector, coercing into character vector"
"2","binding character and factor vector, coercing into character vector"
"2","binding character and factor vector, coercing into character vector"
"2","binding character and factor vector, coercing into character vector"
"2","binding character and factor vector, coercing into character vector"
"2","binding character and factor vector, coercing into character vector"
"2","binding character and factor vector, coercing into character vector"
"2","binding character and factor vector, coercing into character vector"
"2","binding character and factor vector, coercing into character vector"
"2","binding character and factor vector, coercing into character vector"
"2","binding character and factor vector, coercing into character vector"
"2","binding character and factor vector, coercing into character vector"
"2","binding character and factor vector, coercing into character vector"
"2","binding character and factor vector, coercing into character vector"
"2","binding character and factor vector, coercing into character vector"
"2","binding character and factor vector, coercing into character vector"
"2","binding character and factor vector, coercing into character vector"
"2","binding character and factor vector, coercing into character vector"
"2","binding character and factor vector, coercing into character vector"
"2","binding character and factor vector, coercing into character vector"
"2","binding character and factor vector, coercing into character vector"
"2","binding character and factor vector, coercing into character vector"
"2","binding character and factor vector, coercing into character vector"
"2","binding character and factor vector, coercing into character vector"
"2","binding character and factor vector, coercing into character vector"
"2","binding character and factor vector, coercing into character vector"
"2","binding character and factor vector, coercing into character vector"
"2","binding character and factor vector, coercing into character vector"
"2","binding character and factor vector, coercing into character vector"
"2","binding character and factor vector, coercing into character vector"
"2","binding character and factor vector, coercing into character vector"
"2","binding character and factor vector, coercing into character vector"
"2","binding character and factor vector, coercing into character vector"
"2","binding character and factor vector, coercing into character vector"
"2","binding character and factor vector, coercing into character vector"
"2","binding character and factor vector, coercing into character vector"
"2","binding character and factor vector, coercing into character vector"
"2","binding character and factor vector, coercing into character vector"
"2","binding character and factor vector, coercing into character vector"
"2","binding character and factor vector, coercing into character vector"
"2","binding character and factor vector, coercing into character vector"
"2","binding character and factor vector, coercing into character vector"
"2","binding character and factor vector, coercing into character vector"
"2","binding character and factor vector, coercing into character vector"
"2","binding character and factor vector, coercing into character vector"
"2","binding character and factor vector, coercing into character vector"
"2","binding character and factor vector, coercing into character vector"
"2","binding character and factor vector, coercing into character vector"
"2","binding character and factor vector, coercing into character vector"
"2","binding character and factor vector, coercing into character vector"
"2","binding character and factor vector, coercing into character vector"
"2","binding character and factor vector, coercing into character vector"
"2","binding character and factor vector, coercing into character vector"
"2","binding character and factor vector, coercing into character vector"
"2","binding character and factor vector, coercing into character vector"
"2","binding character and factor vector, coercing into character vector"
"2","binding character and factor vector, coercing into character vector"
"2","binding character and factor vector, coercing into character vector"
"2","binding character and factor vector, coercing into character vector"
"2","binding character and factor vector, coercing into character vector"
"2","binding character and factor vector, coercing into character vector"
"2","binding character and factor vector, coercing into character vector"
"2","binding character and factor vector, coercing into character vector"
"2","binding character and factor vector, coercing into character vector"
"2","binding character and factor vector, coercing into character vector"
"2","binding character and factor vector, coercing into character vector"
"2","binding character and factor vector, coercing into character vector"
"2","binding character and factor vector, coercing into character vector"
"2","binding character and factor vector, coercing into character vector"
"2","binding character and factor vector, coercing into character vector"
"2","binding character and factor vector, coercing into character vector"
"2","binding character and factor vector, coercing into character vector"
"2","binding character and factor vector, coercing into character vector"
"2","binding character and factor vector, coercing into character vector"
"2","binding character and factor vector, coercing into character vector"
"2","binding character and factor vector, coercing into character vector"
"2","binding character and factor vector, coercing into character vector"
"2","binding character and factor vector, coercing into character vector"
"2","binding character and factor vector, coercing into character vector"
"2","binding character and factor vector, coercing into character vector"
"2","binding character and factor vector, coercing into character vector"
"2","binding character and factor vector, coercing into character vector"
"2","binding character and factor vector, coercing into character vector"
"2","binding character and factor vector, coercing into character vector"
"2","binding character and factor vector, coercing into character vector"
"2","binding character and factor vector, coercing into character vector"
"2","binding character and factor vector, coercing into character vector"
"2","binding character and factor vector, coercing into character vector"
"2","binding character and factor vector, coercing into character vector"
"2","binding character and factor vector, coercing into character vector"
"2","binding character and factor vector, coercing into character vector"
"2","binding character and factor vector, coercing into character vector"
"2","binding character and factor vector, coercing into character vector"
"2","binding character and factor vector, coercing into character vector"
"2","binding character and factor vector, coercing into character vector"
"2","binding character and factor vector, coercing into character vector"
"2","binding character and factor vector, coercing into character vector"
"2","binding character and factor vector, coercing into character vector"
"2","binding character and factor vector, coercing into character vector"
"2","binding character and factor vector, coercing into character vector"
"2","binding character and factor vector, coercing into character vector"
"2","binding character and factor vector, coercing into character vector"
"2","binding character and factor vector, coercing into character vector"
"2","binding character and factor vector, coercing into character vector"
"2","binding character and factor vector, coercing into character vector"
"2","binding character and factor vector, coercing into character vector"
"2","binding character and factor vector, coercing into character vector"
"2","binding character and factor vector, coercing into character vector"
"2","binding character and factor vector, coercing into character vector"
"2","binding character and factor vector, coercing into character vector"
"2","binding character and factor vector, coercing into character vector"
"2","binding character and factor vector, coercing into character vector"
"2","binding character and factor vector, coercing into character vector"
"2","binding character and factor vector, coercing into character vector"
"2","binding character and factor vector, coercing into character vector"
"2","binding character and factor vector, coercing into character vector"
"2","binding character and factor vector, coercing into character vector"
"2","binding character and factor vector, coercing into character vector"
"2","binding character and factor vector, coercing into character vector"
"2","binding character and factor vector, coercing into character vector"
"2","binding character and factor vector, coercing into character vector"
"2","binding character and factor vector, coercing into character vector"
"2","binding character and factor vector, coercing into character vector"
"2","binding character and factor vector, coercing into character vector"
"2","binding character and factor vector, coercing into character vector"
"2","binding character and factor vector, coercing into character vector"
"2","binding character and factor vector, coercing into character vector"
"2","binding character and factor vector, coercing into character vector"
"2","binding character and factor vector, coercing into character vector"
"2","binding character and factor vector, coercing into character vector"
"2","binding character and factor vector, coercing into character vector"
"2","binding character and factor vector, coercing into character vector"
"2","binding character and factor vector, coercing into character vector"
"2","binding character and factor vector, coercing into character vector"
"2","binding character and factor vector, coercing into character vector"
"2","binding character and factor vector, coercing into character vector"
"2","binding character and factor vector, coercing into character vector"
"2","binding character and factor vector, coercing into character vector"
"2","binding character and factor vector, coercing into character vector"
"2","binding character and factor vector, coercing into character vector"
"2","binding character and factor vector, coercing into character vector"
"2","binding character and factor vector, coercing into character vector"
"2","binding character and factor vector, coercing into character vector"
"2","binding character and factor vector, coercing into character vector"
"2","binding character and factor vector, coercing into character vector"
"2","binding character and factor vector, coercing into character vector"
"2","binding character and factor vector, coercing into character vector"
"2","binding character and factor vector, coercing into character vector"
"2","binding character and factor vector, coercing into character vector"
"2","binding character and factor vector, coercing into character vector"
"2","binding character and factor vector, coercing into character vector"
"2","binding character and factor vector, coercing into character vector"
"2","binding character and factor vector, coercing into character vector"
"2","binding character and factor vector, coercing into character vector"
"2","binding character and factor vector, coercing into character vector"
"2","binding character and factor vector, coercing into character vector"
"2","binding character and factor vector, coercing into character vector"
"2","binding character and factor vector, coercing into character vector"
"2","binding character and factor vector, coercing into character vector"
"2","binding character and factor vector, coercing into character vector"
"2","binding character and factor vector, coercing into character vector"
"2","binding character and factor vector, coercing into character vector"
"2","binding character and factor vector, coercing into character vector"
"2","binding character and factor vector, coercing into character vector"
"2","binding character and factor vector, coercing into character vector"
"2","binding character and factor vector, coercing into character vector"
"2","binding character and factor vector, coercing into character vector"
"2","binding character and factor vector, coercing into character vector"
"2","binding character and factor vector, coercing into character vector"
"2","binding character and factor vector, coercing into character vector"
"2","binding character and factor vector, coercing into character vector"
"2","binding character and factor vector, coercing into character vector"
"2","binding character and factor vector, coercing into character vector"
"2","binding character and factor vector, coercing into character vector"
"2","binding character and factor vector, coercing into character vector"
"2","binding character and factor vector, coercing into character vector"
"2","binding character and factor vector, coercing into character vector"
"2","binding character and factor vector, coercing into character vector"
"2","binding character and factor vector, coercing into character vector"
"2","binding character and factor vector, coercing into character vector"
"2","binding character and factor vector, coercing into character vector"
"2","binding character and factor vector, coercing into character vector"
"2","binding character and factor vector, coercing into character vector"
"2","binding character and factor vector, coercing into character vector"
"2","binding character and factor vector, coercing into character vector"
"2","binding character and factor vector, coercing into character vector"
"2","binding character and factor vector, coercing into character vector"
"2","binding character and factor vector, coercing into character vector"
"2","binding character and factor vector, coercing into character vector"
"2","binding character and factor vector, coercing into character vector"
"2","binding character and factor vector, coercing into character vector"
"2","binding character and factor vector, coercing into character vector"
"2","binding character and factor vector, coercing into character vector"
"2","binding character and factor vector, coercing into character vector"
"2","binding character and factor vector, coercing into character vector"
"2","binding character and factor vector, coercing into character vector"
"2","binding character and factor vector, coercing into character vector"
"2","binding character and factor vector, coercing into character vector"
"2","binding character and factor vector, coercing into character vector"
"2","binding character and factor vector, coercing into character vector"
"2","binding character and factor vector, coercing into character vector"
"2","binding character and factor vector, coercing into character vector"
"2","binding character and factor vector, coercing into character vector"
"2","binding character and factor vector, coercing into character vector"
"2","binding character and factor vector, coercing into character vector"
"2","binding character and factor vector, coercing into character vector"
"2","binding character and factor vector, coercing into character vector"
"2","binding character and factor vector, coercing into character vector"
"2","binding character and factor vector, coercing into character vector"
"2","binding character and factor vector, coercing into character vector"
"2","binding character and factor vector, coercing into character vector"
"2","binding character and factor vector, coercing into character vector"
"2","binding character and factor vector, coercing into character vector"
"2","binding character and factor vector, coercing into character vector"
"2","binding character and factor vector, coercing into character vector"
"2","binding character and factor vector, coercing into character vector"
"2","binding character and factor vector, coercing into character vector"
"2","binding character and factor vector, coercing into character vector"
"2","binding character and factor vector, coercing into character vector"
"2","binding character and factor vector, coercing into character vector"
"2","binding character and factor vector, coercing into character vector"
"2","binding character and factor vector, coercing into character vector"
"2","binding character and factor vector, coercing into character vector"
"2","binding character and factor vector, coercing into character vector"
"2","binding character and factor vector, coercing into character vector"
"2","binding character and factor vector, coercing into character vector"
"2","binding character and factor vector, coercing into character vector"
"2","binding character and factor vector, coercing into character vector"
"2","binding character and factor vector, coercing into character vector"
"2","binding character and factor vector, coercing into character vector"
"2","binding character and factor vector, coercing into character vector"
"2","binding character and factor vector, coercing into character vector"
"2","binding character and factor vector, coercing into character vector"
"2","binding character and factor vector, coercing into character vector"
"2","binding character and factor vector, coercing into character vector"
"2","binding character and factor vector, coercing into character vector"
"2","binding character and factor vector, coercing into character vector"
"2","binding character and factor vector, coercing into character vector"
"2","binding character and factor vector, coercing into character vector"
"2","binding character and factor vector, coercing into character vector"
"2","binding character and factor vector, coercing into character vector"
"2","binding character and factor vector, coercing into character vector"
"2","binding character and factor vector, coercing into character vector"
"2","binding character and factor vector, coercing into character vector"
"2","binding character and factor vector, coercing into character vector"
"2","binding character and factor vector, coercing into character vector"
"2","binding character and factor vector, coercing into character vector"
"2","binding character and factor vector, coercing into character vector"
"2","binding character and factor vector, coercing into character vector"
"2","binding character and factor vector, coercing into character vector"
"2","binding character and factor vector, coercing into character vector"
"2","binding character and factor vector, coercing into character vector"
"2","binding character and factor vector, coercing into character vector"
"2","binding character and factor vector, coercing into character vector"
"2","binding character and factor vector, coercing into character vector"
"2","binding character and factor vector, coercing into character vector"
"2","binding character and factor vector, coercing into character vector"
"2","binding character and factor vector, coercing into character vector"
"2","binding character and factor vector, coercing into character vector"
"2","binding character and factor vector, coercing into character vector"
"2","binding character and factor vector, coercing into character vector"
"2","binding character and factor vector, coercing into character vector"
"2","binding character and factor vector, coercing into character vector"
"2","binding character and factor vector, coercing into character vector"
"2","binding character and factor vector, coercing into character vector"
"2","binding character and factor vector, coercing into character vector"
"2","binding character and factor vector, coercing into character vector"
"2","binding character and factor vector, coercing into character vector"
"2","binding character and factor vector, coercing into character vector"
"2","binding character and factor vector, coercing into character vector"
"2","binding character and factor vector, coercing into character vector"
"2","binding character and factor vector, coercing into character vector"
"2","binding character and factor vector, coercing into character vector"
"2","binding character and factor vector, coercing into character vector"
"2","binding character and factor vector, coercing into character vector"
"2","binding character and factor vector, coercing into character vector"
"2","binding character and factor vector, coercing into character vector"
"2","binding character and factor vector, coercing into character vector"
"2","binding character and factor vector, coercing into character vector"
"2","binding character and factor vector, coercing into character vector"
"2","binding character and factor vector, coercing into character vector"
"2","binding character and factor vector, coercing into character vector"
"2","binding character and factor vector, coercing into character vector"
"2","binding character and factor vector, coercing into character vector"
"2","binding character and factor vector, coercing into character vector"
"2","binding character and factor vector, coercing into character vector"
"2","binding character and factor vector, coercing into character vector"
"2","binding character and factor vector, coercing into character vector"
"2","binding character and factor vector, coercing into character vector"
"2","binding character and factor vector, coercing into character vector"
"2","binding character and factor vector, coercing into character vector"
"2","binding character and factor vector, coercing into character vector"
"2","binding character and factor vector, coercing into character vector"
"2","binding character and factor vector, coercing into character vector"
"2","binding character and factor vector, coercing into character vector"
"2","binding character and factor vector, coercing into character vector"
"2","binding character and factor vector, coercing into character vector"
"2","binding character and factor vector, coercing into character vector"
"2","binding character and factor vector, coercing into character vector"
"2","binding character and factor vector, coercing into character vector"
"2","binding character and factor vector, coercing into character vector"
"2","binding character and factor vector, coercing into character vector"
"2","binding character and factor vector, coercing into character vector"
"2","binding character and factor vector, coercing into character vector"
"2","binding character and factor vector, coercing into character vector"
"2","binding character and factor vector, coercing into character vector"
"2","binding character and factor vector, coercing into character vector"
"2","binding character and factor vector, coercing into character vector"
"2","binding character and factor vector, coercing into character vector"
"2","binding character and factor vector, coercing into character vector"
"2","binding character and factor vector, coercing into character vector"
"2","binding character and factor vector, coercing into character vector"
"2","binding character and factor vector, coercing into character vector"
"2","binding character and factor vector, coercing into character vector"
"2","binding character and factor vector, coercing into character vector"
"2","binding character and factor vector, coercing into character vector"
"2","binding character and factor vector, coercing into character vector"
"2","binding character and factor vector, coercing into character vector"
"2","binding character and factor vector, coercing into character vector"
"2","binding character and factor vector, coercing into character vector"
"2","binding character and factor vector, coercing into character vector"
"2","binding character and factor vector, coercing into character vector"
"2","binding character and factor vector, coercing into character vector"
"2","binding character and factor vector, coercing into character vector"
"2","binding character and factor vector, coercing into character vector"
"2","binding character and factor vector, coercing into character vector"
"2","binding character and factor vector, coercing into character vector"
"2","binding character and factor vector, coercing into character vector"
"2","binding character and factor vector, coercing into character vector"
"2","binding character and factor vector, coercing into character vector"
"2","binding character and factor vector, coercing into character vector"
"2","binding character and factor vector, coercing into character vector"
"2","binding character and factor vector, coercing into character vector"
"2","binding character and factor vector, coercing into character vector"
"2","binding character and factor vector, coercing into character vector"
"2","binding character and factor vector, coercing into character vector"
"2","binding character and factor vector, coercing into character vector"
"2","binding character and factor vector, coercing into character vector"
"2","binding character and factor vector, coercing into character vector"
"2","binding character and factor vector, coercing into character vector"
"2","binding character and factor vector, coercing into character vector"
"2","binding character and factor vector, coercing into character vector"
"2","binding character and factor vector, coercing into character vector"
"2","binding character and factor vector, coercing into character vector"
"2","binding character and factor vector, coercing into character vector"
"2","binding character and factor vector, coercing into character vector"
"2","binding character and factor vector, coercing into character vector"
"2","binding character and factor vector, coercing into character vector"
"2","binding character and factor vector, coercing into character vector"
"2","binding character and factor vector, coercing into character vector"
"2","binding character and factor vector, coercing into character vector"
"2","binding character and factor vector, coercing into character vector"
"2","binding character and factor vector, coercing into character vector"
"2","binding character and factor vector, coercing into character vector"
"2","binding character and factor vector, coercing into character vector"
"2","binding character and factor vector, coercing into character vector"
"2","binding character and factor vector, coercing into character vector"
"2","binding character and factor vector, coercing into character vector"
"2","binding character and factor vector, coercing into character vector"
"2","binding character and factor vector, coercing into character vector"
"2","binding character and factor vector, coercing into character vector"
"2","binding character and factor vector, coercing into character vector"
"2","binding character and factor vector, coercing into character vector"
"2","binding character and factor vector, coercing into character vector"
"2","binding character and factor vector, coercing into character vector"
"2","binding character and factor vector, coercing into character vector"
"2","binding character and factor vector, coercing into character vector"
"2","binding character and factor vector, coercing into character vector"
"2","binding character and factor vector, coercing into character vector"
"2","binding character and factor vector, coercing into character vector"
"2","binding character and factor vector, coercing into character vector"
"2","binding character and factor vector, coercing into character vector"
"2","binding character and factor vector, coercing into character vector"
"2","binding character and factor vector, coercing into character vector"
"2","binding character and factor vector, coercing into character vector"
"2","binding character and factor vector, coercing into character vector"
"2","binding character and factor vector, coercing into character vector"
"2","binding character and factor vector, coercing into character vector"
"2","binding character and factor vector, coercing into character vector"
"2","binding character and factor vector, coercing into character vector"
"2","binding character and factor vector, coercing into character vector"
"2","binding character and factor vector, coercing into character vector"
"2","binding character and factor vector, coercing into character vector"
"2","binding character and factor vector, coercing into character vector"
"2","binding character and factor vector, coercing into character vector"
"2","binding character and factor vector, coercing into character vector"
"2","binding character and factor vector, coercing into character vector"
"2","binding character and factor vector, coercing into character vector"
"2","binding character and factor vector, coercing into character vector"
"2","binding character and factor vector, coercing into character vector"
"2","binding character and factor vector, coercing into character vector"
"2","binding character and factor vector, coercing into character vector"
"2","binding character and factor vector, coercing into character vector"
"2","binding character and factor vector, coercing into character vector"
"2","binding character and factor vector, coercing into character vector"
"2","binding character and factor vector, coercing into character vector"
"2","binding character and factor vector, coercing into character vector"
"2","binding character and factor vector, coercing into character vector"
"2","binding character and factor vector, coercing into character vector"
"2","binding character and factor vector, coercing into character vector"
"2","binding character and factor vector, coercing into character vector"
"2","binding character and factor vector, coercing into character vector"
"2","binding character and factor vector, coercing into character vector"
"2","binding character and factor vector, coercing into character vector"
"2","binding character and factor vector, coercing into character vector"
"2","binding character and factor vector, coercing into character vector"
"2","binding character and factor vector, coercing into character vector"
"2","binding character and factor vector, coercing into character vector"
"2","binding character and factor vector, coercing into character vector"
"2","binding character and factor vector, coercing into character vector"
"2","binding character and factor vector, coercing into character vector"
"2","binding character and factor vector, coercing into character vector"
"2","binding character and factor vector, coercing into character vector"
"2","binding character and factor vector, coercing into character vector"
"2","binding character and factor vector, coercing into character vector"
"2","binding character and factor vector, coercing into character vector"
"2","binding character and factor vector, coercing into character vector"
"2","binding character and factor vector, coercing into character vector"
"2","binding character and factor vector, coercing into character vector"
"2","binding character and factor vector, coercing into character vector"
"2","binding character and factor vector, coercing into character vector"
"2","binding character and factor vector, coercing into character vector"
"2","binding character and factor vector, coercing into character vector"
"2","binding character and factor vector, coercing into character vector"
"2","binding character and factor vector, coercing into character vector"
"2","binding character and factor vector, coercing into character vector"
"2","binding character and factor vector, coercing into character vector"
"2","binding character and factor vector, coercing into character vector"
"2","binding character and factor vector, coercing into character vector"
"2","binding character and factor vector, coercing into character vector"
"2","binding character and factor vector, coercing into character vector"
"2","binding character and factor vector, coercing into character vector"
"2","binding character and factor vector, coercing into character vector"
"2","binding character and factor vector, coercing into character vector"
"2","binding character and factor vector, coercing into character vector"
"2","binding character and factor vector, coercing into character vector"
"2","binding character and factor vector, coercing into character vector"
"2","binding character and factor vector, coercing into character vector"
"2","binding character and factor vector, coercing into character vector"
"2","binding character and factor vector, coercing into character vector"
"2","binding character and factor vector, coercing into character vector"
"2","binding character and factor vector, coercing into character vector"
"2","binding character and factor vector, coercing into character vector"
"2","binding character and factor vector, coercing into character vector"
"2","binding character and factor vector, coercing into character vector"
"2","binding character and factor vector, coercing into character vector"
"2","binding character and factor vector, coercing into character vector"
"2","binding character and factor vector, coercing into character vector"
"2","binding character and factor vector, coercing into character vector"
"2","binding character and factor vector, coercing into character vector"
"2","binding character and factor vector, coercing into character vector"
"2","binding character and factor vector, coercing into character vector"
"2","binding character and factor vector, coercing into character vector"
"2","binding character and factor vector, coercing into character vector"
"2","binding character and factor vector, coercing into character vector"
"2","binding character and factor vector, coercing into character vector"
"2","binding character and factor vector, coercing into character vector"
"2","binding character and factor vector, coercing into character vector"
"2","binding character and factor vector, coercing into character vector"
"2","binding character and factor vector, coercing into character vector"
"2","binding character and factor vector, coercing into character vector"
"2","binding character and factor vector, coercing into character vector"
"2","binding character and factor vector, coercing into character vector"
"2","binding character and factor vector, coercing into character vector"
"2","binding character and factor vector, coercing into character vector"
"2","binding character and factor vector, coercing into character vector"
"0","target = c('elephant', 'hippo', 'house', 'plane','baby', 'duckling', 'gnome', 'bunny','chick', 'mouse', 'balloon', 'cake', 'monkey', 'umbrella', 'ant', 'bean', 'candy', 'hazelnut', 'earring', 'fly', 'blueberry', 'seed', 'ladybug', 'pill', 'pin', 'tack')"
"0","d.raw.norm$type[d.raw.norm$noun %in% target] <- ""targ"""
"0","d.raw.norm$type[!d.raw.norm$noun %in% target] <- ""control"""
